Feature,Chi2_Score
at_home,3.5448822962131934
course,0.15122190722654938
father,0.02756107673864582
health,1.2970404083624947
home,0.03375053103957802
mother,0.01094367564600651
no,0.06430582463803652
other,1.4560518203445407
reputation,0.36105590003779287
services,0.8008209466712769
teacher,4.70513310591935
yes,0.014815630759147285
