Feature,Fisher_Score
at_home,3.3858436391277125
course,0.24869469644174205
father,0.03432389334222004
health,1.0681855293990952
home,0.044419031516933716
mother,0.05429067503563174
no,0.16051923933176349
other,3.7220195261075615
reputation,0.47995663611057887
services,1.191056812522759
teacher,4.522720364548006
yes,0.038804302928472444
