Feature,MI_Score
at_home,0.09784245179088394
course,0.13303740450160884
father,0.12028085796021643
health,0.0785687248059948
home,0.12535137736000457
mother,0.2500622968457301
no,0.2216903817952025
other,0.272501151271929
reputation,0.10386504051708856
services,0.19367048303687384
teacher,0.11987374203322271
yes,0.2092548280519289
