Feature,Mutual_Information
at_home,0.07390343216478157
course,0.23523015148666104
father,0.10576269633690938
health,0.0
home,0.12562165272142334
mother,0.311947870674429
no,0.21406176813410038
other,0.5535466324299119
reputation,0.160401816048928
services,0.33866060728787684
teacher,0.06953517239443707
yes,0.2065850042000632
